id,name,model_id:id,group_id:id,perm_read,perm_write,perm_create,perm_unlink
access_system_environment,access_system_environment,model_system_environment,helpdesk.group_helpdesk_manager,1,1,1,1
access_build_module,access_build_module,model_build_module,helpdesk.group_helpdesk_manager,1,1,1,1
access_build_approver,access_build_approver,model_build_approver,helpdesk.group_helpdesk_manager,1,1,1,1
access_build_approver_user,access_build_approver_user,model_build_approver,helpdesk.group_helpdesk_user,1,0,0,0
access_release_approver,access_release_approver,model_release_approver,helpdesk.group_helpdesk_manager,1,1,1,1
access_release_stage,access_release_stage,model_release_stage,helpdesk.group_helpdesk_manager,1,1,1,1
access_build_company,access_build_company,model_build_company,helpdesk.group_helpdesk_user,1,1,1,1
access_build_line,access_build_line,model_build_line,helpdesk.group_helpdesk_user,1,1,1,1
access_build_config,access_build_config,model_build_config,helpdesk.group_helpdesk_user,1,1,1,1
access_team_lead_check,access_team_lead_check,model_team_lead_check,helpdesk.group_helpdesk_user,1,1,1,1
access_system_build,access_system_build,model_system_build,helpdesk.group_helpdesk_user,1,1,1,0
access_system_build_manager,access_system_build,model_system_build,helpdesk.group_helpdesk_manager,1,1,1,1
access_next_environment_wizard_pm_helpdesk,access_next_environment_wizard_pm,model_next_environment_wizard,helpdesk_erp.group_pm_helpdesks,1,1,1,1
access_next_environment_wizard_manager_helpdesk,access_next_environment_wizard_manager,model_next_environment_wizard,helpdesk.group_helpdesk_manager,1,1,1,1
